file	w	h	size	url
site_01.png	60	60	774	https://fs.getcourse.ru/fileservice/file/download/a/934144/sc/240/h/fb783df3c47bb9bdf8432ac158d24131.png
site_02.png	512	512	10046	https://fs.getcourse.ru/fileservice/file/download/a/934144/sc/304/h/b9c77eb09cdae6dee48606d88134a74c.png
site_03.png	1791	1548	526226	https://fs.getcourse.ru/fileservice/file/download/a/934144/sc/220/h/c79ef9787c5e268d93a54f1e02e46ec3.png
site_04.png	762	825	1422992	https://fs.getcourse.ru/fileservice/file/download/a/934144/sc/284/h/1383cc163d1d98ed9a0bc68d4a2ffc03.png
site_05.png	825	825	975814	https://fs.getcourse.ru/fileservice/file/download/a/934144/sc/464/h/fc6a33bedad095fcceb9b228a0e26ba1.png
site_06.png	573	825	734126	https://fs.getcourse.ru/fileservice/file/download/a/934144/sc/484/h/52d50659565480b991c629cf6453df15.png
site_07.png	825	825	918643	https://fs.getcourse.ru/fileservice/file/download/a/934144/sc/361/h/4b1c3f214dc7c40c17af48103ddcbdeb.png
site_08.png	825	825	1224982	https://fs.getcourse.ru/fileservice/file/download/a/934144/sc/250/h/fde40eec42d735ce23b758f6b8282d08.png
site_09.png	825	825	984662	https://fs.getcourse.ru/fileservice/file/download/a/934144/sc/327/h/d4d3841aca9fb0bd2b9666c23d217cfa.png
site_10.png	873	828	1045112	https://fs.getcourse.ru/fileservice/file/download/a/934144/sc/492/h/8a1d46cc0fd29eca5de6eee284ff79ab.png
site_11.png	885	825	1093413	https://fs.getcourse.ru/fileservice/file/download/a/934144/sc/345/h/ad4b02d76a6edaa89ff9eb93052b54e9.png
site_12.png	512	512	7533	https://fs.getcourse.ru/fileservice/file/download/a/934144/sc/295/h/3e5dd3a1d566a7f5fc0745fff3f0158c.png
site_13.png	600	600	419322	https://fs.getcourse.ru/fileservice/file/download/a/934144/sc/388/h/dce4cd87e1adbe9bb964e4f421a812b8.png
site_14.png	600	600	388141	https://fs.getcourse.ru/fileservice/file/download/a/934144/sc/243/h/ab7526618678a10df39f0b43b18beedf.png
site_15.png	600	600	370641	https://fs.getcourse.ru/fileservice/file/download/a/934144/sc/38/h/1945477762597b2c2c8e4cf8619c9d69.png
site_16.png	600	600	298369	https://fs.getcourse.ru/fileservice/file/download/a/934144/sc/193/h/e9ae4aeeb45b346179a1450139c3d8d5.png
site_17.png	492	576	250809	https://fs.getcourse.ru/fileservice/file/download/a/934144/sc/129/h/9993958238de93cfb42027db3748b8fe.png
site_18.png	408	477	182599	https://fs.getcourse.ru/fileservice/file/download/a/934144/sc/243/h/b425fe3374dfff385aa5305db7156a5f.png
site_19.png	408	477	164259	https://fs.getcourse.ru/fileservice/file/download/a/934144/sc/265/h/d8acf94578d7aa9c71f7b487c818a4b4.png
site_20.png	408	477	148174	https://fs.getcourse.ru/fileservice/file/download/a/934144/sc/115/h/24010713a536c083b2ec7afd7c1d1a14.png
site_21.png	354	429	127347	https://fs.getcourse.ru/fileservice/file/download/a/934144/sc/284/h/9c599cbd2f0e39fa1bd12c09072e4db2.png
site_22.png	408	471	172909	https://fs.getcourse.ru/fileservice/file/download/a/934144/sc/351/h/4bbdff61ee6ece8379588a12d384bcf1.png
site_23.png	291	432	135357	https://fs.getcourse.ru/fileservice/file/download/a/934144/sc/111/h/8c1e88fa26a8c0a386b0789c8835133e.png
site_24.png	354	429	143189	https://fs.getcourse.ru/fileservice/file/download/a/934144/sc/315/h/48ec0a51911ca164eb3b4030fefefbe0.png
site_25.png	357	471	171485	https://fs.getcourse.ru/fileservice/file/download/a/934144/sc/51/h/15de2ca75857102388943fbc5e22e541.png
site_26.png	408	471	160473	https://fs.getcourse.ru/fileservice/file/download/a/934144/sc/182/h/8261c10bf388dcc255c1368cf0ada516.png
site_27.png	327	471	157932	https://fs.getcourse.ru/fileservice/file/download/a/934144/sc/116/h/62ceb8659f963b8212d5e436cbf35287.png
site_28.png	327	456	166792	https://fs.getcourse.ru/fileservice/file/download/a/934144/sc/389/h/670dcb85eab5786fd01def671ea3da4f.png
site_29.png	357	456	217423	https://fs.getcourse.ru/fileservice/file/download/a/934144/sc/97/h/b88878684e2c798665d456e839aae6c7.png
site_30.png	436	608	255385	https://fs.getcourse.ru/fileservice/file/download/a/934144/sc/64/h/a8705768b8d2efe42279a16d72d82371.png
site_31.png	436	608	309940	https://fs.getcourse.ru/fileservice/file/download/a/934144/sc/73/h/72d06e083a42cb05432cadc2264550a8.png
site_32.png	417	555	410960	https://fs.getcourse.ru/fileservice/file/download/a/934144/sc/104/h/468c85a2ea7c865ae30349257111fd6f.png
site_33.png	552	579	237006	https://fs.getcourse.ru/fileservice/file/download/a/934144/sc/187/h/8471238dd04bfc42ccdcc32a9607164f.png
site_34.png	327	426	122504	https://fs.getcourse.ru/fileservice/file/download/a/934144/sc/348/h/98c6cf5575a3e22e424a7efcdfbbc196.png
site_35.png	501	579	208339	https://fs.getcourse.ru/fileservice/file/download/a/934144/sc/108/h/e802978007ed4b23486233cc59ae6c9d.png
site_36.png	330	480	116563	https://fs.getcourse.ru/fileservice/file/download/a/934144/sc/223/h/9c1c658f32e34dff3aa500d44a2a6e00.png
site_37.png	450	513	145200	https://fs.getcourse.ru/fileservice/file/download/a/934144/sc/417/h/aa1e13d1be6e5c91fae1b4ea930dba97.png
site_38.png	312	480	105194	https://fs.getcourse.ru/fileservice/file/download/a/934144/sc/253/h/4de59303c835f6c27ffe52b61fe7f1c4.png
site_39.png	381	540	143521	https://fs.getcourse.ru/fileservice/file/download/a/934144/sc/232/h/a8e50813d27a044c84be5a24be8a4b9b.png
site_40.jpg	866	866	74862	https://fs.getcourse.ru/fileservice/file/download/a/934144/sc/85/h/690560420ca42fc7a6b317093fb821fb.jpg
site_41.jpg	3568	3568	1789013	https://fs.getcourse.ru/fileservice/file/download/a/934144/sc/374/h/1b12583b7b7cd12c7ab0b2bdee77c7ef.jpg
site_42.jpg	3954	3954	2468599	https://fs.getcourse.ru/fileservice/file/download/a/934144/sc/73/h/804bfecb9a8fcf5ec3f16ffaf93cda1e.jpg
site_43.png	300	300	38409	https://fs.getcourse.ru/fileservice/file/download/a/934144/sc/140/h/2e4566e258654949d8dff68c39757fcb.png
site_44.png	512	512	8008	https://fs.getcourse.ru/fileservice/file/download/a/934144/sc/156/h/2763ac160cede385a9750c5c16949f8b.png
site_45.png	512	512	8605	https://fs.getcourse.ru/fileservice/file/download/a/934144/sc/405/h/0a9c7a9e95e3ef15eb65dff4c5cd558d.png
site_46.png	512	512	8773	https://fs.getcourse.ru/fileservice/file/download/a/934144/sc/39/h/ed8f51b410433972d8c64a143512c40f.png
site_47.png	512	512	7767	https://fs.getcourse.ru/fileservice/file/download/a/934144/sc/53/h/8280b234a81d52529d7f6d108770bd6e.png
site_48.png	512	512	7857	https://fs.getcourse.ru/fileservice/file/download/a/934144/sc/482/h/9f1bf7cb3cb138eee913bb9fb6b2cb6d.png
site_49.png	512	512	9806	https://fs.getcourse.ru/fileservice/file/download/a/934144/sc/45/h/039d31c6cb12f83456eaa75f51574225.png
site_50.jpg	924	1642	545882	https://fs.getcourse.ru/fileservice/file/download/a/934144/sc/237/h/2aa546db37de028e6ac3fb2786aa9452.jpg
site_51.jpg	897	1594	439272	https://fs.getcourse.ru/fileservice/file/download/a/934144/sc/38/h/015a42f6b21340f961a0e833b605ff95.jpg
site_52.jpg	720	1280	119931	https://fs.getcourse.ru/fileservice/file/download/a/934144/sc/495/h/b036e1e277a452313500ee564d32226e.jpg
site_53.jpg	720	1280	103640	https://fs.getcourse.ru/fileservice/file/download/a/934144/sc/249/h/dd8e197e7f36e1bee9bd7162290a108b.jpg
site_54.jpg	720	1280	118632	https://fs.getcourse.ru/fileservice/file/download/a/934144/sc/95/h/103262c11e49bf118407189cbc9f6fa7.jpg
site_55.jpg	720	1280	79186	https://fs.getcourse.ru/fileservice/file/download/a/934144/sc/391/h/c2e4edfc1f5e5b4954e6bc3615cf7d2d.jpg
site_56.jpg	720	1280	125169	https://fs.getcourse.ru/fileservice/file/download/a/934144/sc/117/h/17387c8056b84e63d149fbf2be7831f7.jpg
site_57.jpg	1320	2347	294939	https://fs.getcourse.ru/fileservice/file/download/a/934144/sc/144/h/ee1a890d85ca6313ede946437c41b602.jpg
site_58.jpg	1320	2347	517966	https://fs.getcourse.ru/fileservice/file/download/a/934144/sc/150/h/d5875e3b213d3591fd51ab2d1688f28c.jpg
site_59.jpg	609	1082	191553	https://fs.getcourse.ru/fileservice/file/download/a/934144/sc/55/h/559d6d0bef8e3d5970611b31f7125454.jpg
site_60.jpg	627	1114	204182	https://fs.getcourse.ru/fileservice/file/download/a/934144/sc/496/h/9da6fdbf3d6e9ecfe79438a24aef12be.jpg
site_61.jpg	626	1113	202613	https://fs.getcourse.ru/fileservice/file/download/a/934144/sc/103/h/119be526e615610de88bb989041dac57.jpg
site_62.jpg	674	1199	182776	https://fs.getcourse.ru/fileservice/file/download/a/934144/sc/328/h/924c8e30f9c3c1aafb26bdf08bec2182.jpg
site_63.jpg	683	1214	215050	https://fs.getcourse.ru/fileservice/file/download/a/934144/sc/361/h/2d2c02e946c10e6fb4d4e2d0ccc4da0d.jpg
site_64.png	512	512	3455	https://fs.getcourse.ru/fileservice/file/download/a/934144/sc/378/h/06cf91d1f439aa5f1edc1adb37ed327e.png